{
  "model_name": "sgd",
  "accuracy": 0.782608695652174,
  "precision": 0.7746478873239436,
  "recall": 0.7971014492753623,
  "f1": 0.7857142857142857
}