epoch,accuracy,loss,val_accuracy,val_loss,learning_rate
1,0.13924050331115723,2.0885915756225586,0.06060606241226196,2.090376138687134,0.0010000000474974513
2,0.1265822798013687,2.079463481903076,0.06060606241226196,2.1120502948760986,0.0010000000474974513
3,0.15189872682094574,2.0800282955169678,0.06060606241226196,2.111086368560791,0.0010000000474974513
4,0.15189872682094574,2.0655694007873535,0.06060606241226196,2.1125645637512207,0.0005000000237487257
5,0.1265822798013687,2.072530508041382,0.06060606241226196,2.121433973312378,0.0005000000237487257
