,precision,recall,f1-score,support
defect,0.9433962264150944,0.7246376811594203,0.819672131147541,69.0
non_defect,0.7764705882352941,0.9565217391304348,0.8571428571428571,69.0
accuracy,0.8405797101449275,0.8405797101449275,0.8405797101449275,0.8405797101449275
macro avg,0.8599334073251943,0.8405797101449275,0.8384074941451991,138.0
weighted avg,0.8599334073251943,0.8405797101449275,0.8384074941451991,138.0
