{
  "model_name": "nelder_mead",
  "accuracy": 0.4855072463768116,
  "precision": 0.4915254237288136,
  "recall": 0.8405797101449275,
  "f1": 0.6203208556149732
}