{
  "timestamp": "2026-01-26T20:14:40",
  "features": [
    "Morning",
    "Afternoon",
    "Evening",
    "avg. Speed",
    "rain",
    "fog",
    "weekend",
    "distance to travel"
  ],
  "target": "travel time",
  "test_size": 0.3,
  "random_state": 42,
  "cv_folds": 5,
  "best_model": "Ridge",
  "best_alpha": 10.0,
  "intercept": 35.898470659285714,
  "coefficients": [
    -1.1403711288717016,
    -1.2478033379442566,
    2.4168587325919186,
    -0.037379231957697975,
    0.3177539838724212,
    2.6545439374691404,
    -1.1303652192841391,
    5.910986399256585
  ],
  "metrics": {
    "mae": 7.715004885507596,
    "mse": 82.61044730592597,
    "r2": 0.6294749967517205
  },
  "reason": "Larger test split to check generalization."
}