{
  "timestamp": "2026-01-26T20:14:40",
  "features": [
    "Morning",
    "Afternoon",
    "Evening",
    "avg. Speed",
    "rain",
    "fog",
    "distance to travel"
  ],
  "target": "travel time",
  "test_size": 0.2,
  "random_state": 42,
  "cv_folds": 5,
  "best_model": "Ridge",
  "best_alpha": 100.0,
  "intercept": 37.056079409375,
  "coefficients": [
    -0.18375657447775345,
    -0.33917694908176393,
    0.5754043801882986,
    -0.08339046953544985,
    -0.3656286459394733,
    0.8248767828927325,
    1.47289076800553
  ],
  "metrics": {
    "mae": 13.15451591548557,
    "mse": 223.14394234172087,
    "r2": 0.13880261524777993
  },
  "reason": "Remove 'weekend' to reduce redundancy with time-of-day flags."
}