{
  "model_name": "adam",
  "accuracy": 0.8405797101449275,
  "precision": 0.8405797101449275,
  "recall": 0.8405797101449275,
  "f1": 0.8405797101449275
}