{
  "model_name": "mobilenet_relu",
  "accuracy": 0.927536231884058,
  "precision": 0.8933333333333333,
  "recall": 0.9710144927536232,
  "f1": 0.9305555555555556
}