{
  "model_name": "cnn_elu",
  "accuracy": 0.5942028985507246,
  "precision": 0.552,
  "recall": 1.0,
  "f1": 0.711340206185567
}