{
  "model_name": "cnn_selu",
  "accuracy": 0.5144927536231884,
  "precision": 0.5073529411764706,
  "recall": 1.0,
  "f1": 0.673170731707317
}