,precision,recall,f1-score,support
defect,1.0,0.8985507246376812,0.9465648854961832,69.0
non_defect,0.9078947368421053,1.0,0.9517241379310345,69.0
accuracy,0.9492753623188406,0.9492753623188406,0.9492753623188406,0.9492753623188406
macro avg,0.9539473684210527,0.9492753623188406,0.9491445117136088,138.0
weighted avg,0.9539473684210527,0.9492753623188406,0.9491445117136088,138.0
