epoch,accuracy,loss,val_accuracy,val_loss,learning_rate
1,0.10126582533121109,2.1391584873199463,0.21212121844291687,2.082061290740967,0.0010000000474974513
2,0.2405063360929489,1.9978224039077759,0.06060606241226196,2.086719512939453,0.0010000000474974513
3,0.2531645596027374,1.9219257831573486,0.06060606241226196,2.0868542194366455,0.0010000000474974513
4,0.3164556920528412,1.8916414976119995,0.21212121844291687,2.085484743118286,0.0005000000237487257
5,0.3670886158943176,1.8008167743682861,0.09090909361839294,2.0861287117004395,0.0005000000237487257
