{
  "model_name": "mobilenet_leaky_relu",
  "accuracy": 0.8695652173913043,
  "precision": 0.8227848101265823,
  "recall": 0.9420289855072463,
  "f1": 0.8783783783783783
}