,precision,recall,f1-score,support
defect,0.7692307692307693,0.8695652173913043,0.8163265306122449,69.0
non_defect,0.85,0.7391304347826086,0.7906976744186046,69.0
accuracy,0.8043478260869565,0.8043478260869565,0.8043478260869565,0.8043478260869565
macro avg,0.8096153846153846,0.8043478260869565,0.8035121025154248,138.0
weighted avg,0.8096153846153846,0.8043478260869565,0.8035121025154247,138.0
