{
  "n_components": 20,
  "explained_variance_ratio": [
    0.1380922115068262,
    0.12536977590124543,
    0.05210600568155904,
    0.03886685667985451,
    0.03332949979257855,
    0.0324475744758672,
    0.026905745187614877,
    0.01736126444104646,
    0.016386646876256496,
    0.013932233913333173,
    0.01323851080663993,
    0.012876782244031387,
    0.010028858482975404,
    0.008955541471561568,
    0.008164517956697186,
    0.007940069030791521,
    0.007351234224577398,
    0.007022941694397875,
    0.006605958718602039,
    0.006376210383077261
  ],
  "total_variance_explained": 0.5833584394695335,
  "hog_feature_dim": 8100
}