epoch,accuracy,loss,val_accuracy,val_loss,learning_rate
1,0.17721518874168396,2.0957696437835693,0.1515151560306549,2.084714412689209,0.0005000000237487257
2,0.2278480976819992,1.9679303169250488,0.06060606241226196,2.0890512466430664,0.0005000000237487257
3,0.18987341225147247,1.8914878368377686,0.06060606241226196,2.089885950088501,0.0005000000237487257
4,0.3164556920528412,1.897284984588623,0.06060606241226196,2.089268684387207,0.0002500000118743628
5,0.29113924503326416,1.8096083402633667,0.06060606241226196,2.0887749195098877,0.0002500000118743628
