epoch,accuracy,loss,val_accuracy,val_loss,learning_rate
1,0.1139240488409996,2.1013307571411133,0.06060606241226196,2.0897204875946045,0.0010000000474974513
2,0.13924050331115723,2.080641269683838,0.06060606241226196,2.1062095165252686,0.0010000000474974513
3,0.16455696523189545,2.078315258026123,0.06060606241226196,2.105731964111328,0.0010000000474974513
4,0.10126582533121109,2.0764195919036865,0.06060606241226196,2.1043999195098877,0.0005000000237487257
5,0.1139240488409996,2.0678226947784424,0.06060606241226196,2.1060750484466553,0.0005000000237487257
