{
  "iteration": 1,
  "name": "small_baseline",
  "epochs_requested": 20,
  "epochs_ran": 5,
  "best_epoch": 1,
  "train_accuracy_last": 0.1139240488409996,
  "val_accuracy_last": 0.06060606241226196,
  "best_val_accuracy": 0.06060606241226196,
  "eval_loss": 2.0897204875946045,
  "eval_accuracy": 0.06060606241226196,
  "elapsed_seconds": 1.66
}