{
  "model_name": "cnn_relu",
  "accuracy": 0.6739130434782609,
  "precision": 0.65,
  "recall": 0.7536231884057971,
  "f1": 0.697986577181208
}