model_name,accuracy,precision,recall,f1
hog_svm,0.9371165644171779,0.0,0.0,0.0
hog_mlp,0.9355828220858896,0.0,0.0,0.0
