{
  "model_name": "hog_mlp",
  "accuracy": 0.8405797101449275,
  "precision": 0.7831325301204819,
  "recall": 0.9420289855072463,
  "f1": 0.8552631578947368
}