{
  "model_type": "HOG + LogisticRegression",
  "feature_size": 128,
  "eval_split": "val",
  "train_counts": {
    "defective": 2803,
    "non_defective": 248
  },
  "eval_counts": {
    "defective": 597,
    "non_defective": 47
  },
  "accuracy": 0.90527950310559,
  "macro_precision": 0.4626984126984127,
  "macro_recall": 0.4882747068676717,
  "macro_f1": 0.4751426242868786,
  "classification_report": {
    "non_defective": {
      "precision": 0.0,
      "recall": 0.0,
      "f1-score": 0.0,
      "support": 47.0
    },
    "defective": {
      "precision": 0.9253968253968254,
      "recall": 0.9765494137353434,
      "f1-score": 0.9502852485737572,
      "support": 597.0
    },
    "accuracy": 0.90527950310559,
    "macro avg": {
      "precision": 0.4626984126984127,
      "recall": 0.4882747068676717,
      "f1-score": 0.4751426242868786,
      "support": 644.0
    },
    "weighted avg": {
      "precision": 0.8578601005619639,
      "recall": 0.90527950310559,
      "f1-score": 0.8809321326064178,
      "support": 644.0
    }
  }
}