model_name,accuracy,precision,recall,f1
hog_svm,0.8478260869565217,0.8,0.927536231884058,0.8590604026845637
hog_mlp,0.8405797101449275,0.7831325301204819,0.9420289855072463,0.8552631578947368
