{
  "model_name": "cnn_leaky_relu",
  "accuracy": 0.5434782608695652,
  "precision": 0.5227272727272727,
  "recall": 1.0,
  "f1": 0.6865671641791045
}