{
  "model_name": "hog_svm",
  "accuracy": 0.8478260869565217,
  "precision": 0.8,
  "recall": 0.927536231884058,
  "f1": 0.8590604026845637
}