{
  "model_name": "lbfgs",
  "accuracy": 0.8188405797101449,
  "precision": 0.8548387096774194,
  "recall": 0.7681159420289855,
  "f1": 0.8091603053435115
}