{
  "model_name": "mobilenet_gelu",
  "accuracy": 0.9420289855072463,
  "precision": 0.9295774647887324,
  "recall": 0.9565217391304348,
  "f1": 0.9428571428571428
}