epoch,accuracy,loss,val_accuracy,val_loss,learning_rate
1,0.1265822798013687,2.2092533111572266,0.09090909361839294,2.0843989849090576,0.0005000000237487257
2,0.18987341225147247,1.98275625705719,0.06060606241226196,2.0965614318847656,0.0005000000237487257
3,0.27848100662231445,1.9232301712036133,0.06060606241226196,2.10024094581604,0.0005000000237487257
4,0.29113924503326416,1.9048517942428589,0.06060606241226196,2.1053333282470703,0.0002500000118743628
5,0.2405063360929489,1.9014390707015991,0.06060606241226196,2.10819935798645,0.0002500000118743628
