{
  "model_name": "mlp_random_search",
  "accuracy": 0.9420289855072463,
  "precision": 0.9178082191780822,
  "recall": 0.9710144927536232,
  "f1": 0.943661971830986
}